Name,Brief Description,Features,Pros,Cons,User Reviews,Pricing,URL
AutoGPT,"An experimental open-source application showcasing the capabilities of the GPT-4 language model. It can autonomously execute tasks, browse the internet, and manage its own memory.",Autonomous task execution | Internet browsing and information gathering | Long-term and short-term memory management | File read/write operations | Code generation and execution | Plugin system for extensibility,Highly autonomous operation | Large active community (150k+ stars) | Regular updates and improvements | Extensive plugin ecosystem | Well-documented | Supports multiple LLM providers,Can be resource intensive | Requires API keys and setup | May produce unexpected results without supervision | Can get stuck in loops | Expensive token usage,"Users praise its autonomous capabilities but recommend careful monitoring. Many report impressive results for research and automation tasks, though some note it can be unpredictable.",Open Source/Free (requires LLM API costs),https://github.com/Significant-Gravitas/AutoGPT
LangChain,"A framework for developing applications powered by language models. It provides tools for chaining LLM calls, managing memory, and building complex AI workflows.","LLM integration and abstraction | Chain composition for complex workflows | Memory systems (conversation, entity, summary) | Agent frameworks with tool usage | Vector database integration | Prompt template management",Comprehensive and flexible framework | Excellent documentation | Very active development (70k+ stars) | Large ecosystem of integrations | Strong community support | Production-ready,Steep learning curve for beginners | Can be complex for simple tasks | Frequent API changes | Heavy dependency requirements | Documentation can lag behind rapid development,"Developers appreciate the powerful abstractions and flexibility. Enterprise users value the production readiness, while beginners find the learning curve challenging but worthwhile.",Open Source/Free (MIT License),https://github.com/langchain-ai/langchain
GPT Engineer,"An AI agent that can generate entire codebases from natural language descriptions. It focuses on creating complete, functional applications with minimal human intervention.",Natural language to code generation | Full codebase creation | Interactive clarification questions | Multiple programming language support | Git integration | Code review and iteration,Impressive code generation capabilities | Interactive development process | Supports multiple languages | Good for rapid prototyping | Active community (45k+ stars) | Easy to use interface,Generated code may need refinement | Limited to smaller projects | Requires clear specifications | May produce non-optimal architectures | Still experimental for production use,Users are impressed with rapid prototyping capabilities. Many use it for proof-of-concepts and learning. Some report mixed results with complex applications but excellent for simple tools.,Open Source/Free,https://github.com/AntonOsika/gpt-engineer
MetaGPT,"A multi-agent framework that simulates a software development team. Different AI agents take on roles like product manager, architect, and developer to collaboratively build software.",Multi-agent software development team | Role-based agent specialization | Collaborative workflow simulation | Comprehensive documentation generation | Code review processes | Project management simulation,Innovative multi-agent approach | Comprehensive development process | Good documentation generation | Interesting role specialization | Active research project (35k+ stars) | Novel approach to AI development,Still experimental and research-focused | Complex setup and configuration | May be overkill for simple projects | Resource intensive | Limited production track record,"Researchers and advanced users find the multi-agent approach fascinating. Some report impressive results for complex projects, though many note it's still experimental.",Open Source/Free,https://github.com/geekan/MetaGPT
AgentGPT,A web-based autonomous AI agent platform that allows users to deploy and customize AI agents directly in their browser without technical setup.,Web-based interface | No-code agent deployment | Customizable agent goals | Real-time progress tracking | Integration with external APIs | Shareable agent results,Easy to use web interface | No technical setup required | Free tier available | Good for experimentation | Quick deployment | Accessible to non-technical users,Limited customization compared to local solutions | Dependent on service availability | May have usage limitations | Less control over agent behavior | Requires internet connection,Non-technical users love the accessibility. Many use it for quick experiments and demonstrations. Some prefer local alternatives for more control and privacy.,"Freemium (Free tier available, Pro plans start at $20/month)",https://agentgpt.reworkd.ai
CrewAI,"A framework for orchestrating role-playing, autonomous AI agents. It focuses on creating collaborative multi-agent systems where agents work together on complex tasks.",Role-based agent creation | Multi-agent collaboration | Task delegation and management | Flexible agent hierarchies | Integration with popular LLMs | Sequential and parallel task execution,Excellent for complex multi-step tasks | Good role specialization | Growing community (15k+ stars) | Clean API design | Good documentation | Production-ready framework,Relatively new project | Smaller ecosystem compared to LangChain | Learning curve for multi-agent concepts | Limited advanced features | Still evolving rapidly,Users appreciate the clean design and multi-agent capabilities. Many find it easier than alternatives for team-like AI workflows. Some note it's still maturing but promising.,Open Source/Free,https://github.com/joaomdmoura/crewAI
BabyAGI,"A simplified version of task-driven autonomous agents. It creates, prioritizes, and executes tasks based on an objective, using OpenAI and vector databases.",Task creation and prioritization | Autonomous execution loop | Vector database for memory | Simple and focused design | Easy to understand codebase | Objective-driven task generation,Simple and educational | Good starting point for learning | Lightweight implementation | Clear codebase (18k+ stars) | Easy to modify and extend | Fast execution,Limited capabilities compared to more complex agents | Basic memory management | May get stuck in simple loops | Limited tool integration | Not suitable for complex tasks,Praised for its simplicity and educational value. Many use it as a learning tool to understand autonomous agents. Some find it too basic for real applications.,Open Source/Free,https://github.com/yoheinakajima/babyagi
SuperAGI,"A dev-first open source autonomous AI agent framework that enables developers to build, manage and run useful autonomous agents quickly and reliably.",Graphical user interface | Multiple agent management | Tool marketplace | Performance tracking | Resource management | Agent templates and marketplace,Developer-friendly interface | Good tool ecosystem | Performance monitoring | Resource management features | Active development (13k+ stars) | Production-focused design,More complex setup than simple agents | Requires more resources | Documentation could be better | Smaller community than competitors | Still relatively new,Developers appreciate the GUI and management features. Many find it good for running multiple agents. Some note the setup complexity but value the professional features.,Open Source/Free,https://github.com/TransformerOptimus/SuperAGI
Semantic Kernel,"Microsoft's SDK that integrates Large Language Models (LLMs) like OpenAI, Azure OpenAI, and Hugging Face with conventional programming languages.","LLM integration | Plugin architecture | Memory connectors | Planning capabilities | Prompt templating | Cross-platform support (.NET, Python, Java)",Microsoft backing and support | Enterprise-ready | Multi-language support | Good documentation | Active development | Integration with Azure services,Microsoft ecosystem focus | Complex for simple use cases | Requires understanding of multiple technologies | Less community-driven than alternatives,Enterprise developers appreciate the Microsoft backing and Azure integration. Many find it reliable for production use but note the learning curve for the Microsoft ecosystem.,Open Source/Free (MIT License),https://github.com/microsoft/semantic-kernel
Haystack,"An open-source framework for building production-ready LLM applications, retrieval-augmented generative pipelines and state-of-the-art search systems.",Document processing | Vector search | Question answering | Custom pipeline building | Multiple LLM integrations | RAG (Retrieval-Augmented Generation) support,Production-ready | Excellent for document search and QA | Strong RAG capabilities | Active community (13k+ stars) | Good documentation | Modular architecture,Focused mainly on search and QA use cases | Learning curve for pipeline concepts | Less general-purpose than other frameworks | Requires understanding of NLP concepts,Users praise its search and QA capabilities. Many enterprises use it for document processing and knowledge management. Some find it specialized but excellent in its domain.,Open Source/Free (Apache 2.0 License),https://github.com/deepset-ai/haystack
0Xmetaschool,AI agent repository: 0Xmetaschool,GitHub-based AI agent project,Open source | Community-driven | 0 stars on GitHub,May require technical setup | Documentation varies,Community project with varying levels of user feedback,Open Source/Free,https://github.com/0xmetaschool
Ai Agents Directory#How To Add Your Agent,AI agent repository: Ai Agents Directory#How To Add Your Agent,GitHub-based AI agent project,Open source | Community-driven | 34 stars on GitHub,May require technical setup | Documentation varies,Community project with varying levels of user feedback,Open Source/Free,https://github.com/0xmetaschool/AI-Agents-Directory#how-to-add-your-agent
